gender,age
M,18
M,18
M,18
F,18
F,18
M,18
F,18
F,18
F,18
M,18
M,18
M,18
M,18
M,18
M,18
M,18
M,18
M,18
F,18
F,18
M,18
M,18
F,18
M,18
M,18
F,18
M,18
M,18
M,18
F,18
F,18
F,18
M,18
M,18
F,18
F,18
F,18
F,18
M,18
F,18
M,18
M,18
M,18
M,18
F,18
M,18
F,18
M,18
M,18
F,18
M,18
F,18
F,18
F,18
M,18
F,18
F,18
M,18
F,18
F,18
F,18
F,18
F,18
F,18
M,18
F,18
F,18
M,18
M,18
F,18
M,18
M,18
M,18
F,18
M,18
M,18
M,18
F,18
F,18
M,18
M,18
M,18
F,18
M,18
F,18
F,18
M,18
F,18
F,18
F,18
F,19
M,19
M,19
F,19
F,19
F,19
F,19
M,19
F,19
M,19
F,19
F,19
M,19
F,19
M,19
M,19
F,19
F,19
M,19
M,19
M,19
M,19
M,19
F,19
M,19
F,19
F,19
M,19
F,19
M,19
M,19
F,19
F,19
F,19
M,19
M,19
M,19
M,19
M,19
M,19
F,19
F,19
F,19
F,19
M,19
F,19
M,19
M,19
M,19
M,19
M,19
M,19
M,19
F,19
M,19
F,19
F,19
M,19
M,19
M,19
M,19
M,19
F,19
M,19
M,19
M,19
M,19
F,19
F,19
F,19
F,19
F,19
M,19
M,19
F,19
M,19
M,19
F,19
M,19
F,19
F,19
M,19
M,19
F,19
M,19
M,19
M,19
F,19
F,19
M,19
M,19
M,20
M,20
M,20
M,20
M,20
F,20
M,20
F,20
F,20
M,20
F,20
F,20
F,20
F,20
M,20
M,20
M,20
M,20
M,20
F,20
F,20
M,20
F,20
F,20
F,20
F,20
F,20
M,20
M,20
F,20
M,20
F,20
F,20
M,20
M,20
M,20
M,20
F,20
M,20
F,20
M,20
M,20
F,20
M,20
M,20
F,20
M,20
M,20
M,20
M,20
F,20
M,20
M,20
M,20
F,20
F,20
M,20
F,20
M,20
M,20
F,20
F,20
M,20
M,20
M,20
F,20
M,20
M,20
M,20
M,20
M,20
M,20
M,20
M,20
F,20
M,20
M,20
M,20
M,20
M,20
F,20
F,20
M,20
F,20
F,20
M,20
M,20
M,20
F,20
M,20
M,20
F,20
M,20
F,20
F,20
F,20
F,21
F,21
F,21
F,21
M,21
F,21
M,21
F,21
F,21
F,21
M,21
M,21
M,21
M,21
F,21
F,21
F,21
F,21
F,21
F,21
F,21
M,21
M,21
F,21
M,21
M,21
M,21
M,21
F,21
M,21
M,21
M,21
M,21
F,21
F,21
F,21
M,21
F,21
M,21
F,21
M,21
M,21
F,21
M,21
M,21
M,21
M,21
F,21
F,21
F,21
M,21
M,21
M,21
F,21
M,21
M,21
F,21
M,21
M,21
M,21
F,21
F,21
M,21
M,21
M,21
M,21
F,21
M,21
M,21
F,21
M,21
M,21
M,21
F,21
M,21
M,21
F,21
M,21
M,21
F,21
M,21
M,21
F,21
F,21
M,21
F,21
M,21
M,21
M,21
F,21
F,21
F,21
F,21
F,21
F,21
M,21
M,21
M,21
F,21
F,21
F,22
M,22
F,22
F,22
M,22
F,22
M,22
F,22
F,22
M,22
M,22
M,22
F,22
M,22
F,22
F,22
F,22
F,22
F,22
M,22
F,22
F,22
M,22
M,22
F,22
F,22
M,22
F,22
M,22
M,22
M,22
F,22
F,22
F,22
M,22
M,22
M,22
M,22
F,22
M,22
F,22
F,22
F,22
F,22
M,22
M,22
F,22
F,22
F,22
F,22
M,22
M,22
M,22
M,22
F,22
M,22
M,22
M,22
F,22
F,22
M,22
M,22
M,22
M,22
M,22
M,22
M,22
M,22
F,22
F,22
F,22
M,22
M,22
F,22
F,22
M,22
F,22
M,22
F,22
F,22
F,22
M,22
M,22
F,22
M,22
M,22
M,22
F,22
F,22
M,22
M,22
M,23
M,23
M,23
F,23
M,23
M,23
M,23
M,23
M,23
M,23
F,23
F,23
M,23
M,23
F,23
M,23
M,23
M,23
M,23
M,23
F,23
M,23
F,23
M,23
M,23
M,23
F,23
M,23
F,23
F,23
F,23
F,23
F,23
F,23
F,23
F,23
M,23
M,23
M,23
M,23
F,23
M,23
M,23
M,23
F,23
M,23
M,23
M,23
F,23
M,23
M,23
F,23
M,23
F,23
F,23
M,23
M,23
M,23
M,23
M,23
F,23
F,23
F,23
F,23
F,23
M,23
M,23
M,23
M,23
M,23
F,23
M,23
M,23
F,23
M,23
F,23
M,23
F,23
F,23
M,23
F,23
F,23
M,23
F,23
F,23
F,23
M,23
F,23
F,23
M,23
M,23
F,23
F,23
F,23
M,23
F,24
M,24
M,24
F,24
F,24
M,24
M,24
M,24
M,24
F,24
M,24
M,24
M,24
M,24
M,24
M,24
M,24
F,24
F,24
M,24
F,24
M,24
M,24
M,24
F,24
F,24
M,24
M,24
M,24
F,24
M,24
F,24
M,24
M,24
M,24
F,24
M,24
F,24
M,24
F,24
F,24
F,24
M,24
F,24
M,24
F,24
M,24
F,24
M,24
M,24
M,24
F,24
F,24
F,24
F,24
F,24
F,24
F,24
F,24
M,24
F,24
M,24
M,24
M,24
M,24
M,24
F,24
M,24
M,24
F,24
M,24
M,24
F,24
M,24
F,24
M,24
F,24
M,24
M,24
F,24
M,24
M,24
M,24
F,24
M,24
M,24
F,24
M,24
M,24
F,24
M,24
M,25
F,25
M,25
M,25
M,25
F,25
M,25
F,25
F,25
F,25
M,25
F,25
F,25
F,25
F,25
M,25
M,25
M,25
M,25
M,25
F,25
F,25
M,25
F,25
F,25
M,25
F,25
M,25
M,25
M,25
F,25
F,25
F,25
F,25
F,25
M,25
M,25
M,25
F,25
M,25
F,25
M,25
M,25
F,25
F,25
M,25
M,25
F,25
M,25
F,25
F,25
M,25
M,25
F,25
F,25
F,25
M,25
M,25
M,25
M,25
F,25
M,25
F,25
M,25
M,25
F,25
M,25
M,25
F,25
M,25
F,25
M,25
F,25
M,25
F,25
F,25
M,25
M,25
M,25
F,25
F,25
M,25
M,25
M,25
F,25
M,25
M,25
M,25
M,25
M,25
F,25
M,25
M,25
M,25
M,25
F,25
F,25
F,25
M,25
F,25
F,26
F,26
M,26
F,26
M,26
M,26
M,26
F,26
M,26
M,26
M,26
M,26
M,26
M,26
F,26
F,26
F,26
F,26
M,26
F,26
M,26
M,26
F,26
M,26
M,26
M,26
M,26
F,26
M,26
M,26
M,26
M,26
F,26
M,26
F,26
F,26
M,26
M,26
F,26
M,26
M,26
M,26
F,26
F,26
M,26
F,26
F,26
M,26
F,26
F,26
M,26
M,26
M,26
M,26
M,26
M,26
F,26
F,26
M,26
F,26
F,26
F,26
M,26
F,26
F,26
M,26
M,26
M,26
M,26
F,26
F,26
M,26
M,26
F,26
F,26
M,26
F,26
F,26
M,26
M,26
M,26
M,26
F,26
M,26
M,26
F,26
F,26
F,26
M,26
M,26
M,26
M,26
M,26
M,26
M,26
F,26
F,26
M,26
M,27
M,27
M,27
F,27
F,27
M,27
M,27
F,27
F,27
F,27
M,27
F,27
M,27
M,27
F,27
M,27
F,27
M,27
F,27
F,27
M,27
F,27
M,27
F,27
M,27
F,27
M,27
M,27
M,27
F,27
M,27
M,27
F,27
F,27
F,27
M,27
F,27
F,27
M,27
M,27
M,27
M,27
F,27
M,27
M,27
M,27
F,27
M,27
M,27
M,27
F,27
M,27
F,27
F,27
F,27
M,27
F,27
M,27
F,27
F,27
M,27
M,27
M,27
M,27
M,27
M,27
F,27
M,27
F,27
M,27
F,27
M,27
F,27
F,27
M,27
M,27
M,27
F,27
F,27
M,27
F,27
F,27
M,27
M,27
F,27
F,27
F,27
M,27
F,27
F,27
F,27
M,27
F,27
M,28
M,28
F,28
F,28
M,28
F,28
M,28
F,28
F,28
M,28
M,28
M,28
F,28
M,28
M,28
M,28
M,28
F,28
M,28
M,28
F,28
F,28
M,28
M,28
F,28
M,28
M,28
F,28
M,28
M,28
M,28
F,28
F,28
M,28
F,28
F,28
F,28
M,28
M,28
F,28
F,28
F,28
F,28
M,28
F,28
M,28
F,28
M,28
M,28
M,28
F,28
F,28
M,28
M,28
M,28
F,28
M,28
M,28
F,28
F,28
M,28
M,28
M,28
M,28
M,28
M,28
F,28
M,28
M,28
M,28
F,28
M,28
M,28
F,28
M,28
M,28
F,28
M,28
M,28
M,28
M,28
M,28
M,28
F,28
F,28
F,28
M,28
M,28
M,28
M,28
M,29
M,29
M,29
F,29
M,29
M,29
F,29
M,29
M,29
F,29
F,29
M,29
M,29
M,29
F,29
M,29
F,29
M,29
F,29
F,29
F,29
M,29
F,29
M,29
F,29
M,29
M,29
M,29
M,29
F,29
F,29
F,29
M,29
F,29
M,29
F,29
M,29
M,29
F,29
M,29
F,29
F,29
M,29
F,29
M,29
M,29
F,29
F,29
F,29
M,29
F,29
M,29
M,29
F,29
F,29
F,29
F,29
M,29
M,29
F,29
F,29
F,29
M,29
F,29
F,29
M,29
F,29
F,29
M,29
F,29
M,29
M,29
M,29
F,29
F,29
F,29
F,29
F,29
M,29
M,29
M,29
M,29
M,29
F,29
M,29
F,29
M,29
F,29
F,29
F,29
F,29
F,29
M,29
F,29
F,29
M,29
M,29
F,29
F,29
F,29
F,30
M,30
M,30
M,30
F,30
F,30
F,30
M,30
F,30
M,30
M,30
M,30
M,30
F,30
F,30
M,30
F,30
M,30
F,30
F,30
F,30
F,30
F,30
F,30
M,30
F,30
M,30
M,30
F,30
F,30
M,30
M,30
M,30
M,30
F,30
M,30
F,30
F,30
F,30
M,30
M,30
F,30
M,30
F,30
F,30
F,30
F,30
M,30
F,30
F,30
M,30
M,30
M,30
F,30
F,30
M,30
F,30
M,30
F,30
F,30
F,30
M,30
F,30
M,30
M,30
F,30
M,30
M,30
M,30
M,30
F,30
F,30
F,30
F,30
M,30
M,30
M,30
M,30
M,30
M,30
F,30
F,30
F,30
F,30
M,30
F,30
M,30
F,30
F,30
M,30
F,30
F,30
F,30
F,30
M,30
F,30
F,31
M,31
F,31
M,31
M,31
M,31
M,31
F,31
F,31
F,31
M,31
M,31
F,31
F,31
M,31
M,31
M,31
F,31
F,31
M,31
M,31
M,31
M,31
F,31
M,31
M,31
M,31
M,31
M,31
M,31
M,31
F,31
F,31
F,31
M,31
M,31
F,31
F,31
F,31
F,31
M,31
F,31
M,31
M,31
F,31
M,31
M,31
M,31
F,31
M,31
M,31
F,31
F,31
F,31
M,31
F,31
F,31
M,31
M,31
M,31
F,31
F,31
M,31
M,31
M,31
F,31
M,31
M,31
M,31
F,31
M,31
F,31
M,31
M,31
F,31
M,31
M,31
M,31
M,31
M,31
M,31
F,31
M,31
F,31
F,31
F,31
M,31
M,31
M,31
F,31
F,31
M,31
F,31
F,31
M,31
F,31
F,32
M,32
M,32
F,32
M,32
F,32
M,32
F,32
F,32
F,32
M,32
M,32
M,32
F,32
F,32
M,32
M,32
F,32
M,32
M,32
M,32
M,32
F,32
F,32
M,32
M,32
F,32
F,32
M,32
F,32
F,32
M,32
M,32
M,32
F,32
M,32
M,32
F,32
F,32
M,32
F,32
F,32
F,32
F,32
F,32
F,32
M,32
M,32
F,32
M,32
M,32
F,32
M,32
M,32
M,32
F,32
M,32
M,32
M,32
F,32
M,32
F,32
M,32
F,32
M,32
M,32
M,32
M,32
F,32
F,32
M,32
F,32
F,32
F,32
M,32
F,32
M,32
M,32
M,32
M,32
F,32
F,32
F,32
M,32
M,32
F,32
M,32
M,32
M,32
F,32
M,32
M,32
F,32
F,32
M,32
M,32
M,32
M,32
F,33
M,33
F,33
M,33
F,33
F,33
M,33
F,33
F,33
F,33
M,33
M,33
M,33
M,33
F,33
M,33
M,33
M,33
F,33
F,33
F,33
F,33
F,33
F,33
M,33
M,33
F,33
M,33
F,33
F,33
F,33
F,33
M,33
M,33
M,33
F,33
F,33
M,33
M,33
M,33
M,33
M,33
F,33
M,33
F,33
F,33
F,33
M,33
M,33
F,33
M,33
M,33
M,33
M,33
F,33
F,33
F,33
M,33
M,33
M,33
F,33
F,33
F,33
M,33
M,33
M,33
F,33
M,33
F,33
M,33
F,33
M,33
M,33
M,33
M,33
F,33
F,33
F,33
M,33
F,33
M,33
M,33
M,33
M,33
M,33
M,33
F,33
M,33
M,33
M,33
M,33
F,33
F,33
M,33
M,33
M,34
M,34
F,34
F,34
F,34
F,34
F,34
M,34
F,34
M,34
F,34
M,34
M,34
F,34
M,34
M,34
F,34
M,34
M,34
M,34
F,34
F,34
F,34
F,34
F,34
M,34
F,34
F,34
F,34
M,34
M,34
M,34
M,34
F,34
M,34
M,34
M,34
F,34
M,34
F,34
M,34
M,34
F,34
M,34
F,34
F,34
F,34
F,34
F,34
M,34
M,34
M,34
F,34
F,34
M,34
M,34
M,34
F,34
F,34
F,34
M,34
M,34
M,34
M,34
F,34
F,34
F,34
F,34
F,34
F,34
M,34
M,34
F,34
M,34
F,34
F,34
F,34
F,34
M,34
M,34
M,34
M,34
F,34
F,34
M,34
F,34
M,34
F,34
M,34
M,34
F,34
M,34
M,35
F,35
F,35
F,35
M,35
F,35
M,35
M,35
F,35
M,35
M,35
M,35
F,35
M,35
M,35
F,35
M,35
F,35
M,35
F,35
F,35
M,35
M,35
M,35
M,35
M,35
M,35
F,35
M,35
M,35
M,35
M,35
M,35
F,35
F,35
M,35
F,35
F,35
M,35
F,35
F,35
F,35
F,35
M,35
F,35
F,35
M,35
F,35
M,35
F,35
M,35
F,35
M,35
F,35
M,35
M,35
M,35
M,35
M,35
F,35
F,35
F,35
F,35
M,35
F,35
F,35
M,35
F,35
M,35
F,35
F,35
M,35
F,35
F,35
M,35
F,35
M,35
F,35
F,35
M,35
M,35
F,35
F,35
M,35
M,35
F,35
F,35
F,35
F,35
F,35
F,35
F,35
F,35
M,35
F,36
F,36
M,36
M,36
M,36
M,36
M,36
M,36
M,36
F,36
M,36
F,36
F,36
M,36
M,36
M,36
F,36
F,36
F,36
M,36
M,36
M,36
F,36
F,36
M,36
M,36
M,36
M,36
F,36
M,36
F,36
M,36
F,36
M,36
M,36
F,36
M,36
M,36
F,36
M,36
M,36
F,36
M,36
F,36
M,36
F,36
M,36
F,36
M,36
F,36
M,36
M,36
F,36
M,36
F,36
M,36
M,36
F,36
F,36
M,36
M,36
F,36
M,36
M,36
F,36
M,36
M,36
M,36
M,36
M,36
F,36
F,36
M,36
M,36
F,36
F,36
F,36
M,36
F,36
M,36
M,36
M,36
F,36
F,36
M,36
M,36
M,36
F,36
M,36
F,36
M,36
M,36
F,36
M,36
F,36
M,36
M,36
M,36
M,36
F,37
F,37
M,37
M,37
M,37
M,37
M,37
F,37
M,37
M,37
F,37
M,37
M,37
F,37
M,37
M,37
F,37
M,37
F,37
M,37
M,37
M,37
M,37
M,37
M,37
M,37
M,37
F,37
M,37
F,37
M,37
F,37
M,37
F,37
F,37
M,37
M,37
F,37
M,37
F,37
F,37
F,37
F,37
M,37
F,37
F,37
M,37
F,37
M,37
F,37
M,37
M,37
M,37
M,37
M,37
M,37
F,37
F,37
F,37
F,37
F,37
M,37
M,37
M,37
M,37
F,37
F,37
M,37
M,37
F,37
M,37
F,37
M,37
F,37
M,37
M,37
M,37
M,37
M,37
F,37
M,37
M,37
M,37
F,37
M,37
F,37
M,37
F,37
F,37
F,37
M,37
M,37
M,37
F,37
F,37
M,37
M,37
F,37
M,37
M,38
F,38
M,38
M,38
M,38
M,38
M,38
M,38
F,38
F,38
M,38
F,38
M,38
F,38
M,38
F,38
M,38
M,38
F,38
F,38
M,38
F,38
F,38
M,38
M,38
M,38
M,38
F,38
M,38
F,38
M,38
M,38
F,38
M,38
M,38
M,38
F,38
F,38
M,38
F,38
F,38
M,38
M,38
M,38
F,38
F,38
M,38
M,38
F,38
F,38
M,38
M,38
M,38
F,38
F,38
F,38
M,38
F,38
F,38
M,38
F,38
F,38
M,38
F,38
F,38
F,38
M,38
F,38
F,38
F,38
M,38
F,38
M,38
M,38
M,38
F,38
M,38
M,38
F,38
M,38
M,38
M,38
M,38
F,38
F,38
F,38
F,38
M,38
F,38
M,38
F,38
M,38
M,39
F,39
M,39
M,39
M,39
M,39
M,39
F,39
M,39
M,39
F,39
M,39
F,39
M,39
F,39
F,39
M,39
F,39
F,39
M,39
M,39
M,39
M,39
F,39
F,39
M,39
M,39
M,39
F,39
F,39
M,39
F,39
M,39
F,39
F,39
M,39
F,39
F,39
M,39
M,39
M,39
M,39
M,39
F,39
F,39
M,39
F,39
F,39
F,39
M,39
F,39
F,39
M,39
M,39
F,39
M,39
F,39
M,39
F,39
M,39
M,39
M,39
M,39
M,39
M,39
F,39
M,39
F,39
F,39
F,39
F,39
F,39
F,39
F,39
F,39
M,39
F,39
M,39
F,39
F,39
F,39
M,39
M,39
F,39
F,39
F,39
F,39
F,39
M,39
M,39
F,39
M,39
M,39
F,39
F,39
F,39
F,40
F,40
M,40
M,40
F,40
F,40
M,40
M,40
M,40
M,40
M,40
F,40
F,40
M,40
F,40
M,40
F,40
F,40
F,40
F,40
F,40
M,40
M,40
M,40
F,40
M,40
M,40
M,40
M,40
F,40
M,40
M,40
M,40
M,40
F,40
F,40
M,40
F,40
F,40
F,40
M,40
M,40
M,40
M,40
M,40
F,40
F,40
M,40
M,40
F,40
F,40
F,40
M,40
M,40
M,40
M,40
F,40
M,40
M,40
F,40
M,40
M,40
M,40
M,40
F,40
F,40
M,40
M,40
M,40
M,40
F,40
F,40
F,40
F,40
M,40
M,40
M,40
M,40
M,40
F,40
M,40
F,40
M,40
F,40
F,40
F,40
M,40
M,40
M,40
F,40
F,40
F,40
F,40
M,40
F,41
M,41
M,41
M,41
M,41
F,41
F,41
F,41
F,41
F,41
F,41
M,41
F,41
F,41
F,41
M,41
F,41
F,41
F,41
M,41
F,41
F,41
M,41
F,41
M,41
M,41
F,41
F,41
M,41
M,41
F,41
M,41
M,41
M,41
F,41
F,41
F,41
M,41
F,41
M,41
M,41
M,41
F,41
M,41
M,41
F,41
F,41
F,41
M,41
M,41
M,41
M,41
F,41
F,41
F,41
M,41
M,41
M,41
M,41
M,41
M,41
M,41
M,41
M,41
F,41
F,41
M,41
F,41
M,41
M,41
F,41
M,41
M,41
F,41
F,41
F,41
M,41
F,41
M,41
F,41
F,41
F,41
F,41
M,41
F,41
M,41
M,41
M,41
M,41
F,41
M,41
F,41
M,41
F,41
M,42
M,42
M,42
M,42
F,42
F,42
M,42
M,42
F,42
F,42
F,42
F,42
F,42
M,42
M,42
M,42
M,42
F,42
M,42
M,42
F,42
F,42
M,42
F,42
F,42
F,42
F,42
F,42
M,42
M,42
M,42
M,42
F,42
M,42
F,42
F,42
F,42
M,42
F,42
F,42
F,42
M,42
M,42
F,42
F,42
F,42
M,42
F,42
F,42
M,42
F,42
F,42
M,42
F,42
M,42
F,42
M,42
M,42
M,42
F,42
F,42
M,42
M,42
F,42
M,42
M,42
M,42
F,42
F,42
F,42
M,42
M,42
M,42
F,42
F,42
F,42
M,42
M,42
M,42
F,42
F,42
M,42
F,42
M,42
F,42
F,42
F,42
F,42
F,42
M,42
M,42
M,42
M,42
F,43
F,43
F,43
F,43
F,43
M,43
F,43
F,43
M,43
F,43
M,43
F,43
M,43
F,43
F,43
M,43
M,43
F,43
F,43
F,43
M,43
F,43
M,43
M,43
F,43
M,43
F,43
M,43
F,43
M,43
F,43
F,43
M,43
F,43
M,43
M,43
M,43
F,43
F,43
F,43
F,43
M,43
M,43
F,43
F,43
M,43
M,43
M,43
M,43
F,43
M,43
M,43
M,43
M,43
F,43
M,43
M,43
M,43
F,43
M,43
F,43
M,43
M,43
F,43
M,43
M,43
F,43
M,43
M,43
M,43
M,43
M,43
F,43
F,43
F,43
M,43
F,43
F,43
M,43
F,43
M,43
F,43
F,43
F,43
M,43
F,43
M,43
M,43
F,43
M,43
M,43
F,43
M,44
F,44
F,44
F,44
F,44
F,44
M,44
F,44
M,44
M,44
F,44
F,44
M,44
F,44
F,44
F,44
M,44
M,44
F,44
M,44
F,44
M,44
F,44
F,44
M,44
F,44
M,44
M,44
M,44
F,44
M,44
F,44
M,44
M,44
M,44
F,44
M,44
M,44
M,44
M,44
M,44
F,44
M,44
F,44
F,44
M,44
M,44
M,44
F,44
F,44
M,44
F,44
M,44
M,44
M,44
F,44
F,44
F,44
F,44
M,44
F,44
F,44
M,44
F,44
M,44
F,44
F,44
F,44
F,44
F,44
F,44
F,44
F,44
F,44
F,44
M,44
M,44
M,44
M,44
F,44
M,44
M,44
M,44
M,44
M,44
F,44
M,44
F,44
F,44
M,44
M,45
F,45
M,45
M,45
F,45
M,45
F,45
M,45
F,45
M,45
F,45
F,45
M,45
F,45
M,45
M,45
F,45
M,45
M,45
M,45
M,45
M,45
F,45
M,45
F,45
M,45
F,45
F,45
M,45
F,45
F,45
M,45
F,45
M,45
F,45
M,45
F,45
F,45
F,45
M,45
M,45
F,45
M,45
F,45
F,45
F,45
F,45
M,45
F,45
M,45
F,45
F,45
M,45
F,45
F,45
F,45
F,45
F,45
M,45
F,45
M,45
M,45
F,45
F,45
M,45
M,45
M,45
F,45
M,45
M,45
M,45
F,45
M,45
F,45
M,45
F,45
F,45
M,45
M,45
F,45
M,45
M,45
F,45
M,45
M,45
F,45
F,45
M,45
F,45
M,45
F,45
F,45
F,45
M,45
M,46
F,46
M,46
F,46
F,46
M,46
M,46
F,46
F,46
F,46
F,46
F,46
M,46
F,46
F,46
F,46
M,46
M,46
F,46
F,46
F,46
M,46
F,46
F,46
M,46
F,46
M,46
F,46
M,46
F,46
M,46
M,46
M,46
M,46
F,46
F,46
F,46
F,46
M,46
M,46
F,46
F,46
M,46
F,46
M,46
M,46
M,46
F,46
F,46
F,46
M,46
M,46
F,46
M,46
M,46
F,46
M,46
F,46
F,46
M,46
F,46
F,46
M,46
F,46
M,46
F,46
M,46
F,46
M,46
M,46
F,46
M,46
F,46
F,46
M,46
F,46
M,46
F,46
F,46
F,46
F,46
F,46
F,46
M,46
F,46
F,46
M,46
M,46
M,46
F,46
F,46
F,46
F,46
F,46
M,46
F,46
F,46
M,46
F,47
F,47
F,47
F,47
F,47
M,47
F,47
M,47
F,47
F,47
M,47
M,47
F,47
M,47
M,47
M,47
M,47
F,47
F,47
M,47
F,47
F,47
M,47
F,47
M,47
F,47
F,47
M,47
F,47
F,47
M,47
M,47
M,47
F,47
M,47
M,47
F,47
M,47
M,47
F,47
F,47
M,47
M,47
F,47
F,47
M,47
M,47
F,47
F,47
M,47
M,47
M,47
F,47
M,47
F,47
M,47
M,47
F,47
M,47
M,47
F,47
M,47
M,47
F,47
M,47
M,47
M,47
F,47
F,47
F,47
M,47
M,47
M,47
F,47
M,47
F,47
F,47
M,47
F,47
M,47
F,47
M,47
F,47
M,47
F,47
F,47
M,47
M,47
M,47
M,47
F,47
M,47
F,47
M,47
M,47
M,47
F,47
M,47
F,48
M,48
F,48
F,48
M,48
F,48
M,48
M,48
F,48
M,48
F,48
M,48
M,48
M,48
F,48
F,48
M,48
F,48
F,48
F,48
F,48
F,48
M,48
M,48
F,48
M,48
F,48
F,48
F,48
M,48
M,48
M,48
F,48
M,48
M,48
F,48
F,48
M,48
M,48
M,48
F,48
M,48
M,48
M,48
F,48
F,48
M,48
M,48
F,48
F,48
F,48
M,48
M,48
M,48
M,48
M,48
F,48
F,48
F,48
F,48
M,48
M,48
M,48
M,48
M,48
F,48
M,48
M,48
M,48
M,48
M,48
F,48
M,48
F,48
F,48
F,48
M,48
M,48
M,48
M,48
M,48
F,48
F,48
F,48
F,48
F,48
M,48
M,48
M,48
M,48
M,48
F,48
M,48
M,48
F,48
F,48
F,48
F,48
F,48
M,48
F,49
M,49
M,49
F,49
M,49
F,49
M,49
F,49
M,49
F,49
M,49
F,49
M,49
F,49
M,49
M,49
F,49
M,49
F,49
F,49
M,49
F,49
F,49
F,49
F,49
F,49
M,49
F,49
M,49
F,49
F,49
M,49
M,49
M,49
M,49
F,49
F,49
F,49
M,49
F,49
M,49
M,49
M,49
F,49
F,49
M,49
F,49
M,49
F,49
M,49
F,49
F,49
M,49
F,49
F,49
F,49
F,49
M,49
F,49
M,49
M,49
F,49
F,49
F,49
F,49
M,49
M,49
F,49
M,49
M,49
F,49
F,49
F,49
M,49
M,49
F,49
M,49
F,49
F,49
F,49
F,49
F,49
F,49
F,49
M,49
M,49
F,49
M,49
F,49
M,49
F,49
M,49
F,49
M,49
F,49
F,49
M,49
F,49
F,49
M,49
F,50
F,50
F,50
M,50
M,50
M,50
F,50
F,50
F,50
F,50
F,50
F,50
F,50
F,50
F,50
F,50
F,50
F,50
M,50
M,50
M,50
M,50
M,50
M,50
M,50
F,50
F,50
M,50
M,50
M,50
M,50
F,50
F,50
F,50
F,50
F,50
M,50
M,50
M,50
F,50
M,50
M,50
F,50
F,50
M,50
M,50
F,50
F,50
M,50
M,50
M,50
F,50
F,50
M,50
F,50
M,50
F,50
M,50
F,50
M,50
M,50
F,50
M,50
F,50
F,50
M,50
M,50
F,50
F,50
M,50
F,50
F,50
M,50
F,50
F,50
F,50
F,50
M,50
F,50
M,50
F,50
M,50
F,50
F,50
F,50
M,50
M,50
F,50
F,50
M,50
F,50
F,50
M,50
M,50
M,50
M,50
F,50
F,50
M,50
M,51
M,51
F,51
F,51
M,51
M,51
M,51
M,51
F,51
M,51
M,51
M,51
F,51
M,51
M,51
F,51
F,51
M,51
F,51
M,51
M,51
F,51
M,51
M,51
F,51
M,51
M,51
F,51
F,51
F,51
F,51
M,51
F,51
M,51
M,51
M,51
F,51
F,51
F,51
F,51
F,51
M,51
F,51
M,51
F,51
F,51
M,51
M,51
F,51
M,51
M,51
F,51
F,51
F,51
F,51
M,51
M,51
F,51
F,51
F,51
M,51
M,51
F,51
F,51
M,51
M,51
F,51
F,51
F,51
M,51
F,51
F,51
M,51
F,51
M,51
F,51
F,51
M,51
M,51
F,51
M,51
F,51
F,51
M,51
M,51
F,51
F,51
F,51
M,51
M,51
F,51
F,51
F,51
F,51
F,51
M,52
F,52
F,52
M,52
M,52
M,52
M,52
F,52
F,52
M,52
F,52
M,52
M,52
M,52
F,52
F,52
F,52
F,52
F,52
F,52
F,52
M,52
M,52
F,52
M,52
M,52
M,52
F,52
F,52
M,52
M,52
F,52
F,52
M,52
F,52
M,52
F,52
M,52
F,52
F,52
M,52
F,52
F,52
M,52
M,52
M,52
F,52
M,52
F,52
M,52
F,52
F,52
F,52
F,52
F,52
F,52
F,52
F,52
F,52
M,52
M,52
M,52
M,52
F,52
F,52
M,52
F,52
M,52
F,52
M,52
F,52
F,52
M,52
F,52
F,52
M,52
M,52
M,52
M,52
M,52
F,52
M,52
F,52
M,52
M,52
F,52
F,52
F,52
M,52
F,52
F,52
F,52
F,52
F,53
F,53
F,53
F,53
F,53
F,53
F,53
F,53
F,53
F,53
F,53
F,53
F,53
M,53
M,53
F,53
M,53
F,53
M,53
F,53
M,53
M,53
F,53
M,53
F,53
M,53
M,53
M,53
F,53
F,53
F,53
M,53
F,53
F,53
M,53
M,53
M,53
F,53
F,53
F,53
F,53
F,53
M,53
F,53
M,53
F,53
F,53
F,53
F,53
F,53
F,53
F,53
M,53
F,53
F,53
F,53
F,53
M,53
F,53
F,53
F,53
F,53
M,53
F,53
F,53
F,53
F,53
F,53
M,53
M,53
F,53
M,53
F,53
M,53
F,53
M,53
F,53
F,53
F,53
F,53
F,53
F,53
F,53
M,53
M,53
M,53
M,53
M,53
M,53
F,53
F,53
F,53
F,53
M,54
M,54
F,54
F,54
F,54
M,54
M,54
F,54
M,54
F,54
M,54
M,54
F,54
F,54
M,54
F,54
M,54
F,54
F,54
M,54
F,54
M,54
M,54
F,54
M,54
F,54
M,54
F,54
F,54
M,54
F,54
M,54
F,54
M,54
F,54
M,54
F,54
F,54
F,54
M,54
F,54
M,54
M,54
F,54
F,54
F,54
F,54
F,54
M,54
F,54
M,54
M,54
M,54
F,54
M,54
F,54
M,54
F,54
M,54
F,54
F,54
M,54
M,54
M,54
F,54
M,54
M,54
M,54
M,54
M,54
M,54
F,54
M,54
F,54
F,54
F,54
M,54
F,54
F,54
F,54
F,54
F,54
M,54
F,54
F,54
F,54
F,54
F,54
F,54
F,54
M,54
M,55
M,55
F,55
M,55
M,55
F,55
M,55
F,55
M,55
M,55
M,55
F,55
F,55
M,55
F,55
F,55
M,55
F,55
F,55
F,55
F,55
M,55
F,55
F,55
F,55
F,55
F,55
M,55
M,55
F,55
F,55
M,55
F,55
M,55
F,55
F,55
F,55
M,55
F,55
F,55
F,55
F,55
M,55
F,55
M,55
M,55
F,55
M,55
M,55
M,55
F,55
M,55
M,55
F,55
F,55
F,55
M,55
M,55
F,55
F,55
F,55
M,55
F,55
M,55
M,55
F,55
M,55
M,55
F,55
F,55
F,55
M,55
M,55
M,55
F,55
F,55
M,55
F,55
F,55
M,55
M,55
M,55
M,55
M,55
F,55
F,55
M,55
F,55
M,55
F,55
F,55
M,55
F,56
F,56
M,56
F,56
F,56
M,56
F,56
M,56
M,56
M,56
F,56
F,56
M,56
M,56
F,56
M,56
F,56
F,56
F,56
M,56
M,56
F,56
M,56
M,56
M,56
F,56
F,56
M,56
F,56
F,56
F,56
F,56
F,56
M,56
F,56
F,56
F,56
M,56
M,56
M,56
F,56
F,56
F,56
F,56
F,56
F,56
F,56
M,56
M,56
F,56
M,56
F,56
M,56
M,56
F,56
F,56
F,56
F,56
F,56
F,56
M,56
F,56
F,56
F,56
M,56
M,56
M,56
F,56
M,56
F,56
M,56
F,56
M,56
M,56
M,56
M,56
F,56
M,56
F,56
F,56
M,56
F,56
F,56
M,56
F,56
M,56
F,56
F,56
M,56
M,56
M,56
M,56
F,56
F,56
M,56
F,56
M,56
F,57
F,57
F,57
F,57
F,57
F,57
F,57
F,57
F,57
M,57
F,57
M,57
M,57
M,57
F,57
F,57
F,57
M,57
F,57
F,57
M,57
M,57
M,57
F,57
F,57
F,57
M,57
M,57
F,57
F,57
F,57
F,57
F,57
F,57
F,57
M,57
M,57
M,57
F,57
F,57
M,57
M,57
F,57
M,57
F,57
M,57
F,57
F,57
F,57
M,57
M,57
M,57
M,57
M,57
F,57
F,57
F,57
F,57
F,57
M,57
M,57
M,57
F,57
F,57
F,57
M,57
F,57
F,57
M,57
M,57
M,57
F,57
F,57
M,57
M,57
M,57
F,57
F,57
M,57
M,57
F,57
M,57
M,57
M,57
M,57
F,57
M,57
M,57
F,57
F,57
F,57
F,57
F,57
M,57
F,57
F,57
F,57
M,57
F,57
M,57
F,58
M,58
M,58
F,58
M,58
M,58
M,58
F,58
F,58
M,58
F,58
F,58
F,58
M,58
F,58
M,58
F,58
F,58
F,58
F,58
F,58
F,58
M,58
M,58
F,58
F,58
M,58
F,58
F,58
M,58
F,58
M,58
F,58
M,58
F,58
F,58
F,58
F,58
F,58
M,58
F,58
F,58
F,58
F,58
F,58
F,58
F,58
M,58
M,58
F,58
F,58
F,58
F,58
F,58
F,58
F,58
F,58
F,58
M,58
F,58
M,58
M,58
F,58
M,58
F,58
M,58
M,58
M,58
F,58
M,58
F,58
F,58
F,58
F,58
F,58
F,58
F,58
M,58
M,58
F,58
M,58
F,58
F,58
F,58
F,58
M,58
F,58
M,58
F,58
F,58
F,58
F,58
M,58
F,58
M,58
F,58
F,58
M,58
M,58
M,58
M,59
F,59
F,59
M,59
M,59
F,59
M,59
M,59
M,59
F,59
F,59
F,59
M,59
F,59
F,59
F,59
F,59
F,59
F,59
M,59
F,59
F,59
F,59
M,59
F,59
F,59
M,59
M,59
F,59
F,59
F,59
M,59
F,59
F,59
M,59
M,59
M,59
F,59
F,59
F,59
F,59
M,59
F,59
F,59
F,59
F,59
M,59
M,59
F,59
M,59
M,59
M,59
M,59
M,59
M,59
M,59
M,59
F,59
F,59
F,59
M,59
F,59
F,59
F,59
F,59
F,59
F,59
M,59
F,59
F,59
M,59
F,59
F,59
F,59
F,59
F,59
M,59
M,59
F,59
F,59
F,59
F,59
F,59
F,59
F,59
M,59
M,59
M,59
F,59
F,59
M,60
M,60
F,60
F,60
F,60
M,60
F,60
F,60
M,60
F,60
F,60
M,60
M,60
M,60
M,60
M,60
F,60
F,60
M,60
F,60
F,60
F,60
M,60
F,60
M,60
M,60
M,60
M,60
F,60
M,60
F,60
F,60
F,60
M,60
F,60
M,60
F,60
M,60
M,60
M,60
F,60
M,60
M,60
F,60
M,60
F,60
F,60
F,60
F,60
M,60
M,60
M,60
F,60
M,60
F,60
F,60
F,60
F,60
M,60
F,60
M,60
M,60
F,60
F,60
F,60
M,60
M,60
M,60
M,60
F,60
M,60
F,60
M,60
F,60
M,60
M,60
F,60
F,60
M,60
F,60
M,60
F,60
M,60
F,60
F,60
M,60
M,60
F,60
F,60
F,60
F,60
M,60
F,60
F,60
F,60
F,60
M,61
F,61
F,61
M,61
F,61
F,61
M,61
M,61
M,61
F,61
F,61
F,61
F,61
F,61
M,61
F,61
F,61
F,61
F,61
F,61
F,61
M,61
M,61
M,61
F,61
F,61
F,61
M,61
F,61
F,61
M,61
M,61
F,61
F,61
F,61
F,61
M,61
M,61
M,61
F,61
M,61
F,61
F,61
F,61
F,61
M,61
F,61
F,61
M,61
F,61
M,61
F,61
M,61
F,61
F,61
F,61
F,61
F,61
M,61
M,61
M,61
F,61
M,61
F,61
F,61
M,61
F,61
M,61
M,61
F,61
F,61
F,61
M,61
M,61
M,61
F,61
F,61
M,61
F,61
M,61
F,61
F,61
M,61
F,61
F,61
F,61
F,61
M,61
M,61
F,61
F,62
F,62
M,62
M,62
F,62
M,62
F,62
F,62
F,62
F,62
F,62
F,62
F,62
F,62
F,62
F,62
F,62
M,62
F,62
M,62
M,62
M,62
F,62
M,62
F,62
F,62
F,62
F,62
M,62
F,62
F,62
F,62
F,62
M,62
F,62
F,62
F,62
F,62
F,62
F,62
F,62
M,62
F,62
F,62
M,62
M,62
F,62
F,62
F,62
F,62
F,62
F,62
F,62
F,62
F,62
F,62
M,62
M,62
F,62
F,62
F,62
M,62
M,62
F,62
F,62
F,62
M,62
F,62
F,62
F,62
M,62
F,62
M,62
F,62
F,62
F,62
M,62
F,62
F,62
M,62
F,62
F,62
F,62
F,62
F,62
F,62
F,62
M,62
F,62
M,62
F,62
F,62
F,62
F,62
F,63
F,63
M,63
F,63
M,63
F,63
M,63
M,63
M,63
M,63
M,63
F,63
F,63
M,63
F,63
F,63
F,63
F,63
F,63
M,63
F,63
F,63
M,63
M,63
F,63
F,63
F,63
M,63
F,63
F,63
M,63
F,63
F,63
M,63
F,63
F,63
F,63
F,63
M,63
F,63
M,63
F,63
M,63
F,63
F,63
M,63
F,63
M,63
F,63
F,63
F,63
M,63
F,63
F,63
M,63
F,63
M,63
F,63
F,63
F,63
F,63
F,63
F,63
F,63
M,63
M,63
F,63
F,63
M,63
M,63
F,63
M,63
M,63
F,63
F,63
M,63
F,63
M,63
F,63
F,63
F,63
M,63
F,63
M,63
F,63
M,63
M,63
M,63
M,63
M,63
F,63
F,63
M,63
F,63
M,63
M,63
F,63
F,63
F,63
F,64
F,64
F,64
F,64
M,64
F,64
M,64
F,64
F,64
F,64
M,64
M,64
M,64
F,64
M,64
M,64
F,64
F,64
F,64
M,64
M,64
F,64
M,64
M,64
M,64
F,64
F,64
F,64
F,64
F,64
M,64
F,64
F,64
M,64
M,64
M,64
M,64
M,64
F,64
M,64
M,64
F,64
M,64
M,64
F,64
M,64
F,64
F,64
F,64
M,64
F,64
M,64
F,64
M,64
F,64
M,64
M,64
M,64
F,64
F,64
F,64
M,64
M,64
F,64
F,64
F,64
F,64
F,64
M,64
F,64
F,64
F,64
M,64
M,64
M,64
M,64
F,64
M,64
F,64
F,64
F,64
F,64
F,64
F,64
F,64
F,64
F,64
F,64
F,64
F,64
M,64
F,65
F,65
F,65
F,65
F,65
F,65
M,65
M,65
M,65
M,65
F,65
M,65
F,65
F,65
F,65
M,65
F,65
M,65
F,65
F,65
F,65
M,65
M,65
M,65
F,65
M,65
F,65
F,65
M,65
F,65
F,65
F,65
M,65
F,65
F,65
F,65
F,65
M,65
F,65
F,65
F,65
F,65
M,65
F,65
F,65
M,65
F,65
F,65
M,65
F,65
F,65
M,65
F,65
F,65
M,65
F,65
F,65
F,65
F,65
M,65
F,65
M,65
M,65
F,65
M,65
F,65
F,65
M,65
F,65
F,65
M,65
F,65
F,65
M,65
M,65
F,65
M,65
M,65
F,65
F,65
F,65
F,65
F,65
F,65
F,65
F,65
M,65
F,65
M,65
F,65
F,65
F,65
F,66
M,66
F,66
F,66
M,66
M,66
M,66
M,66
F,66
F,66
M,66
F,66
M,66
M,66
F,66
F,66
M,66
F,66
M,66
F,66
F,66
F,66
M,66
F,66
F,66
M,66
F,66
M,66
M,66
M,66
M,66
F,66
F,66
M,66
F,66
F,66
F,66
F,66
F,66
M,66
M,66
M,66
M,66
M,66
F,66
F,66
F,66
F,66
F,66
M,66
F,66
F,66
M,66
M,66
F,66
F,66
M,66
M,66
M,66
F,66
M,66
F,66
M,66
F,66
M,66
M,66
M,66
F,66
F,66
F,66
M,66
F,66
F,66
F,66
F,66
F,66
F,66
F,66
M,66
F,66
F,66
M,66
F,66
M,66
M,66
M,66
M,66
F,66
F,66
M,66
F,66
F,67
M,67
F,67
M,67
F,67
M,67
M,67
F,67
F,67
F,67
F,67
F,67
M,67
M,67
M,67
F,67
F,67
M,67
F,67
F,67
M,67
M,67
F,67
F,67
M,67
F,67
M,67
F,67
M,67
M,67
M,67
M,67
F,67
F,67
M,67
F,67
F,67
M,67
F,67
F,67
F,67
M,67
M,67
F,67
F,67
M,67
F,67
M,67
F,67
F,67
F,67
M,67
M,67
M,67
F,67
F,67
F,67
F,67
F,67
F,67
M,67
F,67
F,67
M,67
F,67
F,67
F,67
M,67
F,67
F,67
F,67
F,67
F,67
F,67
M,67
M,67
F,67
M,67
M,67
F,67
M,67
F,67
F,67
M,67
F,67
F,67
M,67
F,67
M,67
M,67
F,67
M,67
F,67
M,67
F,67
M,67
M,67
M,67
F,67
M,67
M,68
M,68
F,68
M,68
M,68
F,68
F,68
M,68
M,68
F,68
F,68
F,68
F,68
M,68
M,68
F,68
F,68
F,68
M,68
F,68
M,68
M,68
F,68
F,68
F,68
F,68
F,68
F,68
M,68
F,68
F,68
F,68
F,68
F,68
M,68
F,68
F,68
M,68
M,68
M,68
F,68
M,68
M,68
M,68
M,68
M,68
F,68
F,68
M,68
F,68
M,68
M,68
F,68
M,68
F,68
F,68
F,68
F,68
F,68
F,68
F,68
F,68
F,68
M,68
F,68
M,68
M,68
F,68
M,68
F,68
F,68
M,68
F,68
M,68
M,68
M,68
M,68
F,68
M,68
F,68
F,68
F,68
F,68
F,68
F,68
M,68
F,68
F,68
F,68
F,68
M,69
F,69
F,69
F,69
M,69
M,69
F,69
M,69
M,69
F,69
M,69
M,69
M,69
F,69
M,69
M,69
F,69
F,69
M,69
M,69
F,69
F,69
F,69
F,69
M,69
M,69
F,69
M,69
M,69
M,69
M,69
F,69
F,69
F,69
F,69
F,69
M,69
M,69
M,69
M,69
F,69
F,69
M,69
M,69
F,69
M,69
M,69
F,69
F,69
F,69
F,69
F,69
F,69
F,69
M,69
F,69
M,69
M,69
F,69
M,69
F,69
M,69
M,69
F,69
F,69
F,69
F,69
F,69
F,69
M,69
F,69
F,69
F,69
F,69
M,69
F,69
M,69
F,69
M,69
F,69
F,69
F,69
F,69
M,69
M,69
M,69
M,69
M,69
F,69
M,69
F,69
M,69
F,69
M,69
M,69
F,69
F,70
M,70
F,70
M,70
F,70
M,70
M,70
F,70
F,70
F,70
F,70
F,70
M,70
F,70
M,70
F,70
M,70
M,70
F,70
F,70
M,70
M,70
M,70
F,70
M,70
F,70
F,70
F,70
M,70
F,70
F,70
F,70
F,70
M,70
F,70
F,70
F,70
F,70
M,70
F,70
F,70
F,70
M,70
F,70
M,70
F,70
M,70
M,70
F,70
F,70
F,70
F,70
F,70
F,70
F,70
F,70
F,70
F,70
F,70
F,70
F,70
F,70
F,70
M,70
F,70
M,70
M,70
M,70
M,70
F,70
M,70
F,70
F,70
F,70
F,70
F,70
F,70
M,70
M,70
F,70
F,70
F,70
F,70
F,70
M,70
F,70
M,70
F,70
F,70
F,70
M,70
F,70
F,70
F,70
M,71
F,71
F,71
F,71
M,71
F,71
M,71
M,71
F,71
M,71
F,71
F,71
F,71
F,71
M,71
F,71
F,71
M,71
F,71
F,71
F,71
F,71
F,71
F,71
F,71
F,71
M,71
F,71
M,71
M,71
M,71
F,71
F,71
F,71
M,71
M,71
F,71
F,71
M,71
F,71
F,71
F,71
F,71
F,71
M,71
M,71
F,71
F,71
M,71
F,71
M,71
M,71
F,71
M,71
F,71
M,71
F,71
F,71
F,71
F,71
F,71
F,71
F,71
F,71
M,71
F,71
F,71
F,71
F,71
M,71
M,71
F,71
F,71
M,71
M,71
F,71
F,71
F,71
F,71
F,71
M,71
F,71
F,71
F,71
F,71
M,71
F,71
F,71
M,71
M,71
F,71
F,71
F,71
M,71
F,71
F,71
F,72
F,72
M,72
F,72
M,72
F,72
M,72
M,72
M,72
F,72
F,72
F,72
M,72
F,72
F,72
M,72
M,72
F,72
F,72
M,72
F,72
F,72
F,72
F,72
M,72
F,72
F,72
F,72
F,72
F,72
M,72
F,72
F,72
F,72
F,72
M,72
F,72
M,72
F,72
F,72
F,72
F,72
M,72
F,72
M,72
F,72
M,72
M,72
F,72
F,72
F,72
F,72
F,72
F,72
F,72
F,72
F,72
F,72
F,72
F,72
M,72
M,72
F,72
F,72
F,72
F,72
F,72
F,72
M,72
F,72
F,72
F,72
M,72
F,72
M,72
F,72
F,72
F,72
F,72
F,72
M,72
F,72
F,72
F,72
F,72
F,72
F,72
M,72
F,72
M,72
F,73
M,73
M,73
M,73
F,73
F,73
M,73
M,73
F,73
F,73
F,73
F,73
M,73
F,73
M,73
F,73
F,73
F,73
F,73
F,73
F,73
F,73
F,73
F,73
F,73
F,73
M,73
F,73
F,73
F,73
F,73
F,73
F,73
F,73
F,73
F,73
F,73
F,73
F,73
M,73
F,73
M,73
M,73
F,73
F,73
F,73
F,73
M,73
F,73
F,73
F,73
F,73
M,73
M,73
F,73
F,73
M,73
F,73
M,73
F,73
F,73
F,73
M,73
F,73
M,73
F,73
F,73
F,73
F,73
F,73
F,73
M,73
F,73
F,73
M,73
M,73
F,73
F,73
M,73
F,73
F,73
F,73
F,73
F,73
F,73
F,73
F,73
F,73
F,73
F,73
M,73
F,73
F,73
F,73
F,73
F,73
F,74
F,74
F,74
F,74
F,74
F,74
M,74
F,74
M,74
F,74
F,74
M,74
M,74
F,74
F,74
F,74
F,74
F,74
M,74
F,74
F,74
M,74
F,74
F,74
F,74
M,74
M,74
M,74
M,74
M,74
F,74
F,74
F,74
M,74
F,74
M,74
M,74
F,74
F,74
M,74
M,74
F,74
M,74
M,74
M,74
F,74
F,74
F,74
F,74
F,74
F,74
F,74
F,74
F,74
F,74
F,74
M,74
F,74
F,74
M,74
F,74
F,74
F,74
M,74
F,74
F,74
F,74
F,74
F,74
F,74
F,74
F,74
M,74
F,74
F,74
F,74
F,74
M,74
M,74
M,74
F,74
F,74
F,74
F,74
F,74
F,74
F,74
F,74
F,74
M,74
F,74
F,74
F,75
F,75
F,75
M,75
F,75
F,75
F,75
F,75
M,75
F,75
F,75
F,75
F,75
F,75
M,75
M,75
F,75
F,75
F,75
F,75
F,75
F,75
F,75
F,75
F,75
F,75
M,75
F,75
F,75
M,75
F,75
F,75
M,75
F,75
F,75
M,75
M,75
M,75
F,75
M,75
F,75
F,75
F,75
M,75
M,75
M,75
F,75
F,75
F,75
F,75
F,75
F,75
M,75
M,75
M,75
M,75
M,75
F,75
F,75
F,75
F,75
F,75
M,75
F,75
F,75
F,75
M,75
F,75
M,75
M,75
M,75
F,75
M,75
F,75
F,75
M,75
F,75
F,75
F,75
M,75
F,75
M,75
M,75
F,75
F,75
F,75
M,75
M,75
F,75
F,75
F,75
F,75
F,75
F,75
F,75
F,75
F,76
F,76
F,76
F,76
F,76
F,76
F,76
F,76
M,76
M,76
F,76
F,76
F,76
F,76
F,76
M,76
F,76
F,76
F,76
F,76
F,76
F,76
F,76
F,76
F,76
F,76
F,76
F,76
F,76
F,76
F,76
F,76
F,76
F,76
F,76
F,76
F,76
F,76
F,76
F,76
F,76
M,76
M,76
M,76
F,76
F,76
F,76
F,76
M,76
F,76
F,76
M,76
M,76
F,76
F,76
M,76
F,76
F,76
M,76
F,76
F,76
F,76
F,76
F,76
F,76
F,76
F,76
F,76
F,76
F,76
F,76
M,76
F,76
F,76
M,76
F,76
F,76
M,76
F,76
F,76
F,76
F,76
F,76
F,76
F,76
F,76
F,76
F,76
F,76
F,76
F,77
F,77
M,77
F,77
F,77
F,77
F,77
F,77
M,77
M,77
F,77
F,77
F,77
F,77
M,77
M,77
F,77
F,77
M,77
F,77
M,77
F,77
F,77
F,77
F,77
M,77
F,77
F,77
F,77
F,77
F,77
M,77
F,77
M,77
F,77
F,77
M,77
F,77
F,77
M,77
F,77
F,77
F,77
M,77
F,77
F,77
F,77
F,77
F,77
M,77
M,77
M,77
F,77
M,77
M,77
F,77
F,77
F,77
M,77
F,77
M,77
F,77
F,77
F,77
F,77
F,77
M,77
M,77
F,77
F,77
F,77
F,77
F,77
F,77
F,77
F,77
F,77
F,77
F,77
F,77
M,77
F,77
F,77
F,77
F,77
F,77
M,77
F,77
F,77
F,77
F,77
M,77
F,77
M,77
F,78
M,78
F,78
F,78
F,78
F,78
F,78
F,78
F,78
F,78
M,78
F,78
M,78
F,78
F,78
M,78
F,78
F,78
F,78
F,78
F,78
M,78
F,78
F,78
F,78
M,78
F,78
F,78
M,78
F,78
F,78
F,78
F,78
M,78
M,78
M,78
F,78
M,78
F,78
F,78
F,78
F,78
F,78
M,78
F,78
M,78
F,78
M,78
F,78
M,78
F,78
F,78
F,78
F,78
F,78
F,78
M,78
F,78
F,78
F,78
M,78
F,78
F,78
F,78
F,78
F,78
F,78
F,78
F,78
F,78
F,78
F,78
F,78
M,78
M,78
M,78
F,78
F,78
F,78
F,78
F,78
F,78
F,78
F,78
F,78
F,78
F,78
M,78
F,78
M,78
F,78
F,78
F,78
F,78
M,78
F,78
M,78
F,79
M,79
F,79
F,79
F,79
M,79
M,79
F,79
F,79
M,79
F,79
M,79
F,79
M,79
F,79
F,79
F,79
F,79
F,79
F,79
F,79
M,79
M,79
F,79
F,79
F,79
F,79
F,79
F,79
F,79
M,79
M,79
M,79
F,79
F,79
M,79
F,79
F,79
F,79
F,79
M,79
F,79
F,79
F,79
F,79
F,79
F,79
F,79
F,79
F,79
F,79
M,79
M,79
M,79
F,79
F,79
F,79
F,79
F,79
F,79
M,79
F,79
F,79
F,79
M,79
M,79
F,79
F,79
F,79
F,79
F,79
F,79
F,79
F,79
F,79
F,79
F,79
M,79
M,79
F,79
F,79
M,79
F,79
F,79
F,79
F,79
F,79
M,79
F,79
F,79
F,79
F,79
M,79
F,79
